{"state":{"token":"eyJhbGciOiJIUzI1NiIsInR5cCI6IkpXVCJ9.eyJ1c2VySWQiOjEwOTExMiwidGltZXN0YW1wIjoxNzE4MDAzNjA1NTA0LCJ0eXBlIjoxLCJpYXQiOjE3MTgwMDM2MDUsImV4cCI6MTcxODYwODQwNX0.uA9HrraGFgJloAdoi414Zdg9LtTKqgyslRsxCSbYtV8","userInfo":{"id":109112,"email":null,"mobile":null,"username":null,"address":null,"avatar":"https://quackquack-prj.s3.ap-southeast-1.amazonaws.com/avatar/default.jpg","fullName":null,"status":2,"lastActive":null,"type":1,"referralCode":"70CEngXC1B","telegramId":538876019,"telegramData":{"id":538876019,"username":"latu9107","lastName":"Alive","firstName":"Vamos","languageCode":"vi","allowsWriteToPm":true},"createdTime":"2024-05-08T12:58:33.724Z","updatedTime":"2024-06-05T05:21:15.315Z","googleId":null,"facebookId":null,"fileId":null,"tier":2,"twitterId":"1420718346","twitterData":{"id":"1420718346","name":"Le Anh Tu","username":"anhtu87dlu"},"twitterAccessToken":"TndIOURsVVBTbnBWdmp1LTRESXF1a190enVJWVRVT0pYMGJwZjVrNlBFTDIzOjE3MTc1NjQ4NzQ4OTY6MTowOmF0OjE"}},"version":0}